budget,centered_discrepancy,combined_score_lower_is_better,composite_score,compressed_bytes,corpus,coverage_entropy,dataset,delay_minutes,detected,discovered_bug_classes,false_positives_before_first_window,field,imbalance_k2,input_bytes,k1,k2,locality_k2,mean_residual,method,min_grid_coverage,movement,ratio,roundtrip_ok,runtime_seconds,seed,selected_count,suite,threshold,top_recall,total_hits
,,0.20045114272948095,,,,,synthetic_uniform,,,,,,1.25,,16,20,0.05611365050995765,,rdt_stable_labels,,0.1252,,,,0,,stable_partition_ablation,,,
,,1.044051142729481,,,,,synthetic_uniform,,,,,,1.25,,16,20,0.05611365050995764,,rdt_remap_centroid_labels,,0.9688,,,,0,,stable_partition_ablation,,,
,,0.6599397968784689,,,,,synthetic_uniform,,,,,,1.072,,16,20,0.9980884375077088,,jump_hash,,0.1964,,,,0,,stable_partition_ablation,,,
,,0.9279710157985982,,,,,synthetic_uniform,,,,,,1.0,,16,20,0.11771336844132929,,morton_equal_chunks,,0.875,,,,0,,stable_partition_ablation,,,
,,0.18276244866868094,,,,,synthetic_uniform,,,,,,1.256,,64,80,0.013694330374846526,,rdt_stable_labels,,0.1254,,,,0,,stable_partition_ablation,,,
,,1.0183624486686809,,,,,synthetic_uniform,,,,,,1.256,,64,80,0.013694330374846526,,rdt_remap_centroid_labels,,0.961,,,,0,,stable_partition_ablation,,,
,,0.6933527026012704,,,,,synthetic_uniform,,,,,,1.208,,64,80,0.9921171168917119,,jump_hash,,0.2053,,,,0,,stable_partition_ablation,,,
,,0.9927682890991492,,,,,synthetic_uniform,,,,,,1.0,,64,80,0.0530406424425538,,morton_equal_chunks,,0.9689,,,,0,,stable_partition_ablation,,,
,,0.25077316578346026,,,,,synthetic_clustered,,,,,,1.25,,16,20,0.029273701741022784,,rdt_stable_labels,,0.1876,,,,0,,stable_partition_ablation,,,
,,1.0006731657834602,,,,,synthetic_clustered,,,,,,1.25,,16,20,0.029273701741022784,,rdt_remap_centroid_labels,,0.9375,,,,0,,stable_partition_ablation,,,
,,0.6600743260051654,,,,,synthetic_clustered,,,,,,1.072,,16,20,0.9983873911225897,,jump_hash,,0.1964,,,,0,,stable_partition_ablation,,,
,,0.9024799981295872,,,,,synthetic_clustered,,,,,,1.0,,16,20,0.06106666251019387,,morton_equal_chunks,,0.875,,,,0,,stable_partition_ablation,,,
,,0.448048159041267,,,,,synthetic_clustered,,,,,,2.504,,64,80,0.005440353425037696,,rdt_stable_labels,,0.1448,,,,0,,stable_partition_ablation,,,
,,1.279848159041267,,,,,synthetic_clustered,,,,,,2.504,,64,80,0.005440353425037696,,rdt_remap_centroid_labels,,0.9766,,,,0,,stable_partition_ablation,,,
,,0.6932353047870504,,,,,synthetic_clustered,,,,,,1.208,,64,80,0.9918562328601122,,jump_hash,,0.2053,,,,0,,stable_partition_ablation,,,
,,0.9767196177680343,,,,,synthetic_clustered,,,,,,1.0,,64,80,0.017376928373409664,,morton_equal_chunks,,0.9689,,,,0,,stable_partition_ablation,,,
,,0.43859387206061873,,,,,real_california_housing,,,,,,2.5,,16,20,0.030208604579152573,,rdt_stable_labels,,0.125,,,,0,,stable_partition_ablation,,,
,,1.2198438720606188,,,,,real_california_housing,,,,,,2.5,,16,20,0.030208604579152573,,rdt_remap_centroid_labels,,0.90625,,,,0,,stable_partition_ablation,,,
,,0.6583127499617462,,,,,real_california_housing,,,,,,1.0397286821705427,,16,20,0.9992005985368692,,jump_hash,,0.20072674418604652,,,,0,,stable_partition_ablation,,,
,,0.9195467373002034,,,,,real_california_housing,,,,,,1.0,,16,20,0.0989927495560075,,morton_equal_chunks,,0.875,,,,0,,stable_partition_ablation,,,
,,0.46405880409266576,,,,,real_california_housing,,,,,,2.5,,64,80,0.007878307113761902,,rdt_stable_labels,,0.16051356589147286,,,,0,,stable_partition_ablation,,,
,,1.2762196568058441,,,,,real_california_housing,,,,,,2.5,,64,80,0.007878307113761902,,rdt_remap_centroid_labels,,0.9726744186046512,,,,0,,stable_partition_ablation,,,
,,0.6789866299461108,,,,,real_california_housing,,,,,,1.1356589147286822,,64,80,0.9964776100438981,,jump_hash,,0.20343992248062015,,,,0,,stable_partition_ablation,,,
,,0.9830178605281161,,,,,real_california_housing,,,,,,1.0,,64,80,0.03159869092380672,,morton_equal_chunks,,0.9687984496124031,,,,0,,stable_partition_ablation,,,
,,,0.6670353924336031,,,0.6352796926674376,,,,,,synthetic_sharp_front,,,,,,0.3860760728633626,rdt_default,1.0,,,,0.00824108300730586,0,384,residual_sampler_ablation,,0.54375,
,,,0.6676959742222137,,,0.637167069206325,,,,,,synthetic_sharp_front,,,,,,0.38688650328022195,rdt_no_gradient,1.0,,,,0.007634208013769239,0,384,residual_sampler_ablation,,0.54375,
,,,0.47312362682664033,,,0.41071036236182973,,,,,,synthetic_sharp_front,,,,,,0.444944530776592,rdt_no_coverage,0.15625,,,,0.005910459003644064,0,384,residual_sampler_ablation,,0.6625,
,,,0.6722713797977622,,,0.7908646565650347,,,,,,synthetic_sharp_front,,,,,,0.319813678012001,rdt_high_coverage,1.0,,,,0.007808041991665959,0,384,residual_sampler_ablation,,0.434375,
,,,0.7266464024913486,,,0.7569361499752816,,,,,,synthetic_sharp_front,,,,,,0.41451492471539214,rdt_tuned,0.9375,,,,0.08809470798587427,0,384,residual_sampler_ablation,,0.609375,
,,,0.6992935155559701,,,0.5872671873027717,,,,,,synthetic_sharp_front,,,,,,0.6267059282932556,top_residual,0.21875,,,,0.00021687502157874405,0,384,residual_sampler_ablation,,1.0,
,,,0.676782921760156,,,0.6256297764575885,,,,,,synthetic_sharp_front,,,,,,0.6060827147684072,top_residual_gradient,0.25,,,,0.00022162499953992665,0,384,residual_sampler_ablation,,0.90625,
,,,0.73568893836034,,,0.6385755381724,,,,,,synthetic_two_hotspots,,,,,,0.455478068972159,rdt_default,1.0,,,,0.007891250017564744,0,384,residual_sampler_ablation,,0.69375,
,,,0.7415277051000662,,,0.6351684431430465,,,,,,synthetic_two_hotspots,,,,,,0.4627154672881629,rdt_no_gradient,1.0,,,,0.0077636670030187815,0,384,residual_sampler_ablation,,0.709375,
,,,0.5518736268266404,,,0.4107103623618298,,,,,,synthetic_two_hotspots,,,,,,0.5592330070460788,rdt_no_coverage,0.15625,,,,0.00591154201538302,0,384,residual_sampler_ablation,,0.8375,
,,,0.7208492291546178,,,0.793051369013194,,,,,,synthetic_two_hotspots,,,,,,0.3489885248804121,rdt_high_coverage,1.0,,,,0.007601666991831735,0,384,residual_sampler_ablation,,0.540625,
,,,0.7759669917007139,,,0.6612449762877544,,,,,,synthetic_two_hotspots,,,,,,0.4821669603117639,rdt_tuned,1.0,,,,0.08778966698446311,0,384,residual_sampler_ablation,,0.765625,
,,,0.6380687663207585,,,0.45698218948788155,,,,,,synthetic_two_hotspots,,,,,,0.5996163672404078,top_residual,0.140625,,,,0.0002494580112397671,0,384,residual_sampler_ablation,,1.0,
,,,0.6376397357129194,,,0.4557563877511985,,,,,,synthetic_two_hotspots,,,,,,0.5991395160029744,top_residual_gradient,0.140625,,,,0.00026637502014636993,0,384,residual_sampler_ablation,,1.0,
,,,0.5625462142024822,,,0.638078469149949,,,,,,synthetic_oscillatory,,,,,,0.6580802711322048,rdt_default,1.0,,,,0.007596832991112024,0,384,residual_sampler_ablation,,0.309375,
,,,0.5611399642024821,,,0.638078469149949,,,,,,synthetic_oscillatory,,,,,,0.6565386504418532,rdt_no_gradient,1.0,,,,0.007739541004411876,0,384,residual_sampler_ablation,,0.30625,
,,,0.32406112682664034,,,0.41071036236182973,,,,,,synthetic_oscillatory,,,,,,0.7005416583947692,rdt_no_coverage,0.15625,,,,0.0058065420016646385,0,384,residual_sampler_ablation,,0.33125,
,,,0.6038529944388447,,,0.7922585555395565,,,,,,synthetic_oscillatory,,,,,,0.6026172869218399,rdt_high_coverage,1.0,,,,0.007781874999636784,0,384,residual_sampler_ablation,,0.28125,
,,,0.6366111332114973,,,0.7702282377471351,,,,,,synthetic_oscillatory,,,,,,0.6612954523760767,rdt_tuned,0.984375,,,,0.08770158400875516,0,384,residual_sampler_ablation,,0.378125,
,,,0.8895878315442729,,,0.8452509472693509,,,,,,synthetic_oscillatory,,,,,,0.820343478636266,top_residual,0.71875,,,,0.0002910829789470881,0,384,residual_sampler_ablation,,1.0,
,,,0.6204186576079853,,,0.8458390217371007,,,,,,synthetic_oscillatory,,,,,,0.7695326155234584,top_residual_gradient,0.75,,,,0.0002856670180335641,0,384,residual_sampler_ablation,,0.3875,
,,,0.2957195582776829,,,0.4879778077036789,,,,,,real_california_housing_residual,,,,,,0.1699728985286346,rdt_default,0.421875,,,,0.017495584004791453,0,512,residual_sampler_ablation,,0.09011627906976744,
,,,0.2803312436432038,,,0.4602072077513463,,,,,,real_california_housing_residual,,,,,,0.14801617614750787,rdt_no_gradient,0.421875,,,,0.017189040983794257,0,512,residual_sampler_ablation,,0.07751937984496124,
,,,0.24119459356152703,,,0.4434878752920706,,,,,,real_california_housing_residual,,,,,,0.18412066378636355,rdt_no_coverage,0.203125,,,,0.012605583993718028,0,512,residual_sampler_ablation,,0.10077519379844961,
,,,0.2980249995107511,,,0.5099302311602856,,,,,,real_california_housing_residual,,,,,,0.16137234981939153,rdt_high_coverage,0.390625,,,,0.01780970799154602,0,512,residual_sampler_ablation,,0.09205426356589147,
,,,0.2838888962791163,,,0.41513937142870433,,,,,,real_california_housing_residual,,,,,,0.2106058829546837,rdt_tuned,0.359375,,,,0.19906729200738482,0,512,residual_sampler_ablation,,0.14825581395348839,
,,,0.4595528254681441,,,0.487634318613302,,,,,,real_california_housing_residual,,,,,,0.48405373229624393,top_residual,0.328125,,,,0.0011334999871905893,0,512,residual_sampler_ablation,,0.49612403100775193,
,,,0.43589812238852765,,,0.45431025001373343,,,,,,real_california_housing_residual,,,,,,0.4713410069785329,top_residual_gradient,0.28125,,,,0.001160457992227748,0,512,residual_sampler_ablation,,0.4903100775193798,
768,0.11514596455689292,,,,,,,,,5,,,,,,,,,rdt_full,,,,,0.007080124982167035,0,,coverage_ablation,,,74
768,0.028471116793153717,,,,,,,,,5,,,,,,,,,rdt_hybrid_sobol,,,,,0.009163125010672957,0,,coverage_ablation,,,67
768,0.0007168494821619928,,,,,,,,,3,,,,,,,,,rdt_boundaries_only,,,,,0.00019912500283680856,0,,coverage_ablation,,,46
768,0.0013877408337615344,,,,,,,,,4,,,,,,,,,rdt_powers_only,,,,,0.00013308398774825037,0,,coverage_ablation,,,91
768,0.0009128140551697513,,,,,,,,,3,,,,,,,,,rdt_midpoints_only,,,,,0.0001318749855272472,0,,coverage_ablation,,,64
768,1.9013732149078069e-06,,,,,,,,,2,,,,,,,,,sobol,,,,,0.00022024998906999826,0,,coverage_ablation,,,35
768,0.0007020742583418351,,,,,,,,,2,,,,,,,,,random_uniform,,,,,3.274998744018376e-05,0,,coverage_ablation,,,42
,,,,,,,real_nab_ambient,,False,,0,,,,,,,,rdt_raw_abs_shell,,,,,,0,,drift_ablation,0.015563027213417294,,
,,,,,,,real_nab_ambient,9300.0,True,,2,,,,,,,,rdt_standard_abs_shell,,,,,,0,,drift_ablation,0.15762867541569608,,
,,,,,,,real_nab_ambient,9300.0,True,,2,,,,,,,,rdt_standard_signed_shell,,,,,,0,,drift_ablation,0.29881317655261436,,
,,,,,,,real_nab_ambient,,False,,2,,,,,,,,histogram_js,,,,,,0,,drift_ablation,0.34672217455392657,,
,,,,,,,real_nab_ambient,13140.0,True,,2,,,,,,,,mean_std,,,,,,0,,drift_ablation,2.6161173861725726,,
,,,,,,,real_nab_ambient,,False,,2,,,,,,,,entropy_delta,,,,,,0,,drift_ablation,0.6151432370680079,,
,,,,,,,synthetic_variance_shift,5700.0,True,,1,,,,,,,,rdt_raw_abs_shell,,,,,,0,,drift_ablation,0.015574034381049514,,
,,,,,,,synthetic_variance_shift,900.0,True,,1,,,,,,,,rdt_standard_abs_shell,,,,,,0,,drift_ablation,0.012511695688914873,,
,,,,,,,synthetic_variance_shift,900.0,True,,1,,,,,,,,rdt_standard_signed_shell,,,,,,0,,drift_ablation,0.02070116901863596,,
,,,,,,,synthetic_variance_shift,5700.0,True,,1,,,,,,,,histogram_js,,,,,,0,,drift_ablation,0.028343723832501663,,
,,,,,,,synthetic_variance_shift,900.0,True,,1,,,,,,,,mean_std,,,,,,0,,drift_ablation,0.24445260500557348,,
,,,,,,,synthetic_variance_shift,1860.0,True,,1,,,,,,,,entropy_delta,,,,,,0,,drift_ablation,0.12697730968641838,,
,,,,408,synthetic_ramp,,,,,,,,,16384,,,,,zlib,,,40.15686274509804,True,8.562501170672476e-05,0,,codec_ablation,,,
,,,,723,synthetic_ramp,,,,,,,,,16384,,,,,bz2,,,22.661134163208853,True,0.00188433300354518,0,,codec_ablation,,,
,,,,352,synthetic_ramp,,,,,,,,,16384,,,,,lzma,,,46.54545454545455,True,0.0017426249978598207,0,,codec_ablation,,,
,,,,51,synthetic_ramp,,,,,,,,,16384,,,,,rdt_delta_zlib,,,321.2549019607843,True,0.0015199589834082872,0,,codec_ablation,,,
,,,,57,synthetic_ramp,,,,,,,,,16384,,,,,adaptive_rdt_zlib,,,287.43859649122805,True,0.001505749998614192,0,,codec_ablation,,,
,,,,16395,synthetic_random,,,,,,,,,16384,,,,,zlib,,,0.9993290637389448,True,0.0001646250020712614,0,,codec_ablation,,,
,,,,16848,synthetic_random,,,,,,,,,16384,,,,,bz2,,,0.9724596391263058,True,0.0025845830095931888,0,,codec_ablation,,,
,,,,16444,synthetic_random,,,,,,,,,16384,,,,,lzma,,,0.9963512527365604,True,0.003333000000566244,0,,codec_ablation,,,
,,,,16404,synthetic_random,,,,,,,,,16384,,,,,rdt_delta_zlib,,,0.9987807851743478,True,0.0018142909975722432,0,,codec_ablation,,,
,,,,16401,synthetic_random,,,,,,,,,16384,,,,,adaptive_rdt_zlib,,,0.9989634778367172,True,0.001215875003254041,0,,codec_ablation,,,
,,,,53577,real_gutenberg_alice,,,,,,,,,151191,,,,,zlib,,,2.821938518394087,True,0.0061015420069452375,0,,codec_ablation,,,
,,,,42743,real_gutenberg_alice,,,,,,,,,151191,,,,,bz2,,,3.5372107713543737,True,0.011276582983555272,0,,codec_ablation,,,
,,,,47636,real_gutenberg_alice,,,,,,,,,151191,,,,,lzma,,,3.173881098328995,True,0.03163645800668746,0,,codec_ablation,,,
,,,,65492,real_gutenberg_alice,,,,,,,,,151191,,,,,rdt_delta_zlib,,,2.308541501252061,True,0.018703792011365294,0,,codec_ablation,,,
,,,,53583,real_gutenberg_alice,,,,,,,,,151191,,,,,adaptive_rdt_zlib,,,2.8216225295336206,True,0.016868083010194823,0,,codec_ablation,,,
,,0.20017264466507956,,,,,synthetic_uniform,,,,,,1.25,,16,20,0.05549476592239899,,rdt_stable_labels,,0.1252,,,,1,,stable_partition_ablation,,,
,,0.7624726446650796,,,,,synthetic_uniform,,,,,,1.25,,16,20,0.05549476592239899,,rdt_remap_centroid_labels,,0.6875,,,,1,,stable_partition_ablation,,,
,,0.659676797983247,,,,,synthetic_uniform,,,,,,1.072,,16,20,0.9975039955183267,,jump_hash,,0.1964,,,,1,,stable_partition_ablation,,,
,,0.9170187524526369,,,,,synthetic_uniform,,,,,,1.0,,16,20,0.09337500545030405,,morton_equal_chunks,,0.875,,,,1,,stable_partition_ablation,,,
,,0.18316017219893102,,,,,synthetic_uniform,,,,,,1.256,,64,80,0.013689271553180038,,rdt_stable_labels,,0.1258,,,,1,,stable_partition_ablation,,,
,,1.026160172198931,,,,,synthetic_uniform,,,,,,1.256,,64,80,0.013689271553180038,,rdt_remap_centroid_labels,,0.9688,,,,1,,stable_partition_ablation,,,
,,0.6935356682294427,,,,,synthetic_uniform,,,,,,1.208,,64,80,0.9925237071765393,,jump_hash,,0.2053,,,,1,,stable_partition_ablation,,,
,,0.9852132142829748,,,,,synthetic_uniform,,,,,,1.0,,64,80,0.036251587295499724,,morton_equal_chunks,,0.9689,,,,1,,stable_partition_ablation,,,
,,0.28252792693303347,,,,,synthetic_clustered,,,,,,1.25,,16,20,0.030506504295629896,,rdt_stable_labels,,0.2188,,,,1,,stable_partition_ablation,,,
,,1.0012279269330335,,,,,synthetic_clustered,,,,,,1.25,,16,20,0.030506504295629896,,rdt_remap_centroid_labels,,0.9375,,,,1,,stable_partition_ablation,,,
,,0.6600136582550274,,,,,synthetic_clustered,,,,,,1.072,,16,20,0.9982525739000612,,jump_hash,,0.1964,,,,1,,stable_partition_ablation,,,
,,0.9020345451984554,,,,,synthetic_clustered,,,,,,1.0,,16,20,0.06007676710767873,,morton_equal_chunks,,0.875,,,,1,,stable_partition_ablation,,,
,,0.4442278976248749,,,,,synthetic_clustered,,,,,,2.504,,64,80,0.00583977249972198,,rdt_stable_labels,,0.1408,,,,1,,stable_partition_ablation,,,
,,1.287827897624875,,,,,synthetic_clustered,,,,,,2.504,,64,80,0.00583977249972198,,rdt_remap_centroid_labels,,0.9844,,,,1,,stable_partition_ablation,,,
,,0.6929596336398022,,,,,synthetic_clustered,,,,,,1.208,,64,80,0.9912436303106716,,jump_hash,,0.2053,,,,1,,stable_partition_ablation,,,
,,0.9750948833328202,,,,,synthetic_clustered,,,,,,1.0,,64,80,0.013766407406267146,,morton_equal_chunks,,0.9689,,,,1,,stable_partition_ablation,,,
,,0.43859387206061873,,,,,real_california_housing,,,,,,2.5,,16,20,0.030208604579152573,,rdt_stable_labels,,0.125,,,,1,,stable_partition_ablation,,,
,,1.2198438720606188,,,,,real_california_housing,,,,,,2.5,,16,20,0.030208604579152573,,rdt_remap_centroid_labels,,0.90625,,,,1,,stable_partition_ablation,,,
,,0.6583127499617462,,,,,real_california_housing,,,,,,1.0397286821705427,,16,20,0.9992005985368692,,jump_hash,,0.20072674418604652,,,,1,,stable_partition_ablation,,,
,,0.9195467373002034,,,,,real_california_housing,,,,,,1.0,,16,20,0.0989927495560075,,morton_equal_chunks,,0.875,,,,1,,stable_partition_ablation,,,
,,0.46405880409266576,,,,,real_california_housing,,,,,,2.5,,64,80,0.007878307113761902,,rdt_stable_labels,,0.16051356589147286,,,,1,,stable_partition_ablation,,,
,,1.2762196568058441,,,,,real_california_housing,,,,,,2.5,,64,80,0.007878307113761902,,rdt_remap_centroid_labels,,0.9726744186046512,,,,1,,stable_partition_ablation,,,
,,0.6789866299461108,,,,,real_california_housing,,,,,,1.1356589147286822,,64,80,0.9964776100438981,,jump_hash,,0.20343992248062015,,,,1,,stable_partition_ablation,,,
,,0.9830178605281161,,,,,real_california_housing,,,,,,1.0,,64,80,0.03159869092380672,,morton_equal_chunks,,0.9687984496124031,,,,1,,stable_partition_ablation,,,
,,,0.667414595701485,,,0.6363631305756715,,,,,,synthetic_sharp_front,,,,,,0.38323352673972483,rdt_default,1.0,,,,0.00783737498568371,1,384,residual_sampler_ablation,,0.54375,
,,,0.6677111447580377,,,0.6372104135943936,,,,,,synthetic_sharp_front,,,,,,0.38509261419258217,rdt_no_gradient,1.0,,,,0.008366958005353808,1,384,residual_sampler_ablation,,0.54375,
,,,0.47312362682664033,,,0.41071036236182973,,,,,,synthetic_sharp_front,,,,,,0.444944530776592,rdt_no_coverage,0.15625,,,,0.0057786249963101,1,384,residual_sampler_ablation,,0.6625,
,,,0.6693066932530485,,,0.7904298378658527,,,,,,synthetic_sharp_front,,,,,,0.3135058000261215,rdt_high_coverage,1.0,,,,0.008165125007508323,1,384,residual_sampler_ablation,,0.428125,
,,,0.7176060803514891,,,0.7578923724328259,,,,,,synthetic_sharp_front,,,,,,0.411932274331036,rdt_tuned,0.890625,,,,0.08958433402585797,1,384,residual_sampler_ablation,,0.609375,
,,,0.6992935155559701,,,0.5872671873027717,,,,,,synthetic_sharp_front,,,,,,0.6267059282932556,top_residual,0.21875,,,,0.0002082090068142861,1,384,residual_sampler_ablation,,1.0,
,,,0.676782921760156,,,0.6256297764575885,,,,,,synthetic_sharp_front,,,,,,0.6060827147684072,top_residual_gradient,0.25,,,,0.00022112502483651042,1,384,residual_sampler_ablation,,0.90625,
,,,0.7376844333725641,,,0.6362412382073261,,,,,,synthetic_two_hotspots,,,,,,0.4578129014227866,rdt_default,1.0,,,,0.00837845800560899,1,384,residual_sampler_ablation,,0.7,
,,,0.7423300747616166,,,0.6374609278903333,,,,,,synthetic_two_hotspots,,,,,,0.46117038259378,rdt_no_gradient,1.0,,,,0.00762220800970681,1,384,residual_sampler_ablation,,0.709375,
,,,0.5518736268266404,,,0.4107103623618298,,,,,,synthetic_two_hotspots,,,,,,0.5592330070460788,rdt_no_coverage,0.15625,,,,0.005788667011074722,1,384,residual_sampler_ablation,,0.8375,
,,,0.7259581661425047,,,0.7915769032642995,,,,,,synthetic_two_hotspots,,,,,,0.35433984811499636,rdt_high_coverage,1.0,,,,0.007728999975370243,1,384,residual_sampler_ablation,,0.553125,
,,,0.7761963412022395,,,0.6619002605778268,,,,,,synthetic_two_hotspots,,,,,,0.4821700943519384,rdt_tuned,1.0,,,,0.08835000000544824,1,384,residual_sampler_ablation,,0.765625,
,,,0.6380687663207585,,,0.45698218948788155,,,,,,synthetic_two_hotspots,,,,,,0.5996163672404078,top_residual,0.140625,,,,0.00024862500140443444,1,384,residual_sampler_ablation,,1.0,
,,,0.6376397357129194,,,0.4557563877511985,,,,,,synthetic_two_hotspots,,,,,,0.5991395160029744,top_residual_gradient,0.140625,,,,0.0002609170041978359,1,384,residual_sampler_ablation,,1.0,
,,,0.5577448436289105,,,0.6323959817968873,,,,,,synthetic_oscillatory,,,,,,0.6578404798396865,rdt_default,1.0,,,,0.00809154100716114,1,384,residual_sampler_ablation,,0.303125,
,,,0.5578737750349789,,,0.6327643572427967,,,,,,synthetic_oscillatory,,,,,,0.6567233367732281,rdt_no_gradient,1.0,,,,0.00773474999004975,1,384,residual_sampler_ablation,,0.303125,
,,,0.32406112682664034,,,0.41071036236182973,,,,,,synthetic_oscillatory,,,,,,0.7005416583947692,rdt_no_coverage,0.15625,,,,0.0062611659814137965,1,384,residual_sampler_ablation,,0.33125,
,,,0.6105419203223406,,,0.7912804866352587,,,,,,synthetic_oscillatory,,,,,,0.6057674930397182,rdt_high_coverage,1.0,,,,0.007774583005812019,1,384,residual_sampler_ablation,,0.296875,
,,,0.6331726943338044,,,0.765314840953727,,,,,,synthetic_oscillatory,,,,,,0.6517538274550251,rdt_tuned,0.96875,,,,0.08929966599680483,1,384,residual_sampler_ablation,,0.38125,
,,,0.8895878315442729,,,0.8452509472693509,,,,,,synthetic_oscillatory,,,,,,0.820343478636266,top_residual,0.71875,,,,0.00029466699925251305,1,384,residual_sampler_ablation,,1.0,
,,,0.6204186576079853,,,0.8458390217371007,,,,,,synthetic_oscillatory,,,,,,0.7695326155234584,top_residual_gradient,0.75,,,,0.0002868340234272182,1,384,residual_sampler_ablation,,0.3875,
,,,0.2887099819569935,,,0.48331589529240665,,,,,,real_california_housing_residual,,,,,,0.17434903016995562,rdt_default,0.390625,,,,0.017738666996592656,1,512,residual_sampler_ablation,,0.09205426356589147,
,,,0.2715571568025914,,,0.4581865609642146,,,,,,real_california_housing_residual,,,,,,0.15168289996664316,rdt_no_gradient,0.375,,,,0.017629957990720868,1,512,residual_sampler_ablation,,0.08042635658914729,
,,,0.24119459356152703,,,0.4434878752920706,,,,,,real_california_housing_residual,,,,,,0.18412066378636355,rdt_no_coverage,0.203125,,,,0.0127737500006333,1,512,residual_sampler_ablation,,0.10077519379844961,
,,,0.2933696871375847,,,0.5117871459744945,,,,,,real_california_housing_residual,,,,,,0.15873730564376315,rdt_high_coverage,0.375,,,,0.0177009160106536,1,512,residual_sampler_ablation,,0.0872093023255814,
,,,0.28755964543792256,,,0.41919034909173897,,,,,,real_california_housing_residual,,,,,,0.21175960991169548,rdt_tuned,0.375,,,,0.2020668749755714,1,512,residual_sampler_ablation,,0.14631782945736435,
,,,0.4595528254681441,,,0.487634318613302,,,,,,real_california_housing_residual,,,,,,0.48405373229624393,top_residual,0.328125,,,,0.0012012090010102838,1,512,residual_sampler_ablation,,0.49612403100775193,
,,,0.43589812238852765,,,0.45431025001373343,,,,,,real_california_housing_residual,,,,,,0.4713410069785329,top_residual_gradient,0.28125,,,,0.001352958002826199,1,512,residual_sampler_ablation,,0.4903100775193798,
768,0.11687895286092152,,,,,,,,,5,,,,,,,,,rdt_full,,,,,0.006858499982627109,1,,coverage_ablation,,,80
768,0.028693676206501702,,,,,,,,,5,,,,,,,,,rdt_hybrid_sobol,,,,,0.003694415994687006,1,,coverage_ablation,,,73
768,0.00032499125198037424,,,,,,,,,3,,,,,,,,,rdt_boundaries_only,,,,,8.23330192361027e-05,1,,coverage_ablation,,,35
768,0.0010701036694464232,,,,,,,,,4,,,,,,,,,rdt_powers_only,,,,,0.00011449999874457717,1,,coverage_ablation,,,85
768,0.000654105533616849,,,,,,,,,3,,,,,,,,,rdt_midpoints_only,,,,,0.00027370898169465363,1,,coverage_ablation,,,58
768,1.9070965909525091e-06,,,,,,,,,2,,,,,,,,,sobol,,,,,0.00022929199622012675,1,,coverage_ablation,,,32
768,0.00033376547413015574,,,,,,,,,2,,,,,,,,,random_uniform,,,,,3.7209014408290386e-05,1,,coverage_ablation,,,31
,,,,,,,real_nab_ambient,,False,,0,,,,,,,,rdt_raw_abs_shell,,,,,,1,,drift_ablation,0.015563027213417294,,
,,,,,,,real_nab_ambient,9300.0,True,,2,,,,,,,,rdt_standard_abs_shell,,,,,,1,,drift_ablation,0.15762867541569608,,
,,,,,,,real_nab_ambient,9300.0,True,,2,,,,,,,,rdt_standard_signed_shell,,,,,,1,,drift_ablation,0.29881317655261436,,
,,,,,,,real_nab_ambient,,False,,2,,,,,,,,histogram_js,,,,,,1,,drift_ablation,0.34672217455392657,,
,,,,,,,real_nab_ambient,13140.0,True,,2,,,,,,,,mean_std,,,,,,1,,drift_ablation,2.6161173861725726,,
,,,,,,,real_nab_ambient,,False,,2,,,,,,,,entropy_delta,,,,,,1,,drift_ablation,0.6151432370680079,,
,,,,,,,synthetic_variance_shift,2820.0,True,,1,,,,,,,,rdt_raw_abs_shell,,,,,,1,,drift_ablation,0.009710883844463638,,
,,,,,,,synthetic_variance_shift,3780.0,True,,1,,,,,,,,rdt_standard_abs_shell,,,,,,1,,drift_ablation,0.013695426711315486,,
,,,,,,,synthetic_variance_shift,3780.0,True,,1,,,,,,,,rdt_standard_signed_shell,,,,,,1,,drift_ablation,0.01954745118055204,,
,,,,,,,synthetic_variance_shift,1860.0,True,,1,,,,,,,,histogram_js,,,,,,1,,drift_ablation,0.02844344934484992,,
,,,,,,,synthetic_variance_shift,1860.0,True,,1,,,,,,,,mean_std,,,,,,1,,drift_ablation,0.2245509367107021,,
,,,,,,,synthetic_variance_shift,2820.0,True,,1,,,,,,,,entropy_delta,,,,,,1,,drift_ablation,0.1580350290958565,,
,,,,408,synthetic_ramp,,,,,,,,,16384,,,,,zlib,,,40.15686274509804,True,7.341697346419096e-05,1,,codec_ablation,,,
,,,,723,synthetic_ramp,,,,,,,,,16384,,,,,bz2,,,22.661134163208853,True,0.0017932910122908652,1,,codec_ablation,,,
,,,,352,synthetic_ramp,,,,,,,,,16384,,,,,lzma,,,46.54545454545455,True,0.0004631670017261058,1,,codec_ablation,,,
,,,,51,synthetic_ramp,,,,,,,,,16384,,,,,rdt_delta_zlib,,,321.2549019607843,True,0.0013471659913193434,1,,codec_ablation,,,
,,,,57,synthetic_ramp,,,,,,,,,16384,,,,,adaptive_rdt_zlib,,,287.43859649122805,True,0.001372458995319903,1,,codec_ablation,,,
,,,,16395,synthetic_random,,,,,,,,,16384,,,,,zlib,,,0.9993290637389448,True,0.00014899999951012433,1,,codec_ablation,,,
,,,,16852,synthetic_random,,,,,,,,,16384,,,,,bz2,,,0.9722288155708522,True,0.0024617919989395887,1,,codec_ablation,,,
,,,,16444,synthetic_random,,,,,,,,,16384,,,,,lzma,,,0.9963512527365604,True,0.002606374997412786,1,,codec_ablation,,,
,,,,16404,synthetic_random,,,,,,,,,16384,,,,,rdt_delta_zlib,,,0.9987807851743478,True,0.0016479160112794489,1,,codec_ablation,,,
,,,,16401,synthetic_random,,,,,,,,,16384,,,,,adaptive_rdt_zlib,,,0.9989634778367172,True,0.0009983339987229556,1,,codec_ablation,,,
,,,,53577,real_gutenberg_alice,,,,,,,,,151191,,,,,zlib,,,2.821938518394087,True,0.005846249987371266,1,,codec_ablation,,,
,,,,42743,real_gutenberg_alice,,,,,,,,,151191,,,,,bz2,,,3.5372107713543737,True,0.010749832988949493,1,,codec_ablation,,,
,,,,47636,real_gutenberg_alice,,,,,,,,,151191,,,,,lzma,,,3.173881098328995,True,0.02991350000957027,1,,codec_ablation,,,
,,,,65492,real_gutenberg_alice,,,,,,,,,151191,,,,,rdt_delta_zlib,,,2.308541501252061,True,0.018500041973311454,1,,codec_ablation,,,
,,,,53583,real_gutenberg_alice,,,,,,,,,151191,,,,,adaptive_rdt_zlib,,,2.8216225295336206,True,0.016745291999541223,1,,codec_ablation,,,
,,0.2001544448276278,,,,,synthetic_uniform,,,,,,1.25,,16,20,0.05545432183917282,,rdt_stable_labels,,0.1252,,,,2,,stable_partition_ablation,,,
,,0.9500544448276278,,,,,synthetic_uniform,,,,,,1.25,,16,20,0.05545432183917282,,rdt_remap_centroid_labels,,0.8751,,,,2,,stable_partition_ablation,,,
,,0.6600756542521264,,,,,synthetic_uniform,,,,,,1.072,,16,20,0.9983903427825032,,jump_hash,,0.1964,,,,2,,stable_partition_ablation,,,
,,0.9264584933721088,,,,,synthetic_uniform,,,,,,1.0,,16,20,0.11435220749357514,,morton_equal_chunks,,0.875,,,,2,,stable_partition_ablation,,,
,,0.1827591426048504,,,,,synthetic_uniform,,,,,,1.256,,64,80,0.013686983566334247,,rdt_stable_labels,,0.1254,,,,2,,stable_partition_ablation,,,
,,1.0495591426048503,,,,,synthetic_uniform,,,,,,1.256,,64,80,0.013686983566334247,,rdt_remap_centroid_labels,,0.9922,,,,2,,stable_partition_ablation,,,
,,0.6940239269666832,,,,,synthetic_uniform,,,,,,1.208,,64,80,0.9936087265926294,,jump_hash,,0.2053,,,,2,,stable_partition_ablation,,,
,,0.9911872641269337,,,,,synthetic_uniform,,,,,,1.0,,64,80,0.049527253615408134,,morton_equal_chunks,,0.9689,,,,2,,stable_partition_ablation,,,
,,0.25160214437742096,,,,,synthetic_clustered,,,,,,1.25,,16,20,0.031115876394268775,,rdt_stable_labels,,0.1876,,,,2,,stable_partition_ablation,,,
,,0.782802144377421,,,,,synthetic_clustered,,,,,,1.25,,16,20,0.03111587639426878,,rdt_remap_centroid_labels,,0.7188,,,,2,,stable_partition_ablation,,,
,,0.6599988156888618,,,,,synthetic_clustered,,,,,,1.072,,16,20,0.998219590419693,,jump_hash,,0.1964,,,,2,,stable_partition_ablation,,,
,,0.903513274312864,,,,,synthetic_clustered,,,,,,1.0,,16,20,0.06336283180636447,,morton_equal_chunks,,0.875,,,,2,,stable_partition_ablation,,,
,,0.44815209732782146,,,,,synthetic_clustered,,,,,,2.504,,64,80,0.0056713273951587515,,rdt_stable_labels,,0.1448,,,,2,,stable_partition_ablation,,,
,,1.2877520973278216,,,,,synthetic_clustered,,,,,,2.504,,64,80,0.0056713273951587515,,rdt_remap_centroid_labels,,0.9844,,,,2,,stable_partition_ablation,,,
,,0.6937217744675224,,,,,synthetic_clustered,,,,,,1.208,,64,80,0.9929372765944942,,jump_hash,,0.2053,,,,2,,stable_partition_ablation,,,
,,0.9773399676357515,,,,,synthetic_clustered,,,,,,1.0,,64,80,0.01875548363500329,,morton_equal_chunks,,0.9689,,,,2,,stable_partition_ablation,,,
,,0.43859387206061873,,,,,real_california_housing,,,,,,2.5,,16,20,0.030208604579152573,,rdt_stable_labels,,0.125,,,,2,,stable_partition_ablation,,,
,,1.2198438720606188,,,,,real_california_housing,,,,,,2.5,,16,20,0.030208604579152573,,rdt_remap_centroid_labels,,0.90625,,,,2,,stable_partition_ablation,,,
,,0.6583127499617462,,,,,real_california_housing,,,,,,1.0397286821705427,,16,20,0.9992005985368692,,jump_hash,,0.20072674418604652,,,,2,,stable_partition_ablation,,,
,,0.9195467373002034,,,,,real_california_housing,,,,,,1.0,,16,20,0.0989927495560075,,morton_equal_chunks,,0.875,,,,2,,stable_partition_ablation,,,
,,0.46405880409266576,,,,,real_california_housing,,,,,,2.5,,64,80,0.007878307113761902,,rdt_stable_labels,,0.16051356589147286,,,,2,,stable_partition_ablation,,,
,,1.2762196568058441,,,,,real_california_housing,,,,,,2.5,,64,80,0.007878307113761902,,rdt_remap_centroid_labels,,0.9726744186046512,,,,2,,stable_partition_ablation,,,
,,0.6789866299461108,,,,,real_california_housing,,,,,,1.1356589147286822,,64,80,0.9964776100438981,,jump_hash,,0.20343992248062015,,,,2,,stable_partition_ablation,,,
,,0.9830178605281161,,,,,real_california_housing,,,,,,1.0,,64,80,0.03159869092380672,,morton_equal_chunks,,0.9687984496124031,,,,2,,stable_partition_ablation,,,
,,,0.6672720123230202,,,0.6359557494943434,,,,,,synthetic_sharp_front,,,,,,0.38594028009840614,rdt_default,1.0,,,,0.007669416983844712,2,384,residual_sampler_ablation,,0.54375,
,,,0.6667233889532449,,,0.6384061112949854,,,,,,synthetic_sharp_front,,,,,,0.38416635971145,rdt_no_gradient,1.0,,,,0.007806249981513247,2,384,residual_sampler_ablation,,0.540625,
,,,0.47312362682664033,,,0.41071036236182973,,,,,,synthetic_sharp_front,,,,,,0.444944530776592,rdt_no_coverage,0.15625,,,,0.005704167007934302,2,384,residual_sampler_ablation,,0.6625,
,,,0.6690696237373986,,,0.7857346392497104,,,,,,synthetic_sharp_front,,,,,,0.31584643951767183,rdt_high_coverage,1.0,,,,0.007831583003280684,2,384,residual_sampler_ablation,,0.43125,
,,,0.7289809118712742,,,0.7546776053464975,,,,,,synthetic_sharp_front,,,,,,0.41190226071268415,rdt_tuned,0.953125,,,,0.08731933301896788,2,384,residual_sampler_ablation,,0.609375,
,,,0.6992935155559701,,,0.5872671873027717,,,,,,synthetic_sharp_front,,,,,,0.6267059282932556,top_residual,0.21875,,,,0.0002114999806508422,2,384,residual_sampler_ablation,,1.0,
,,,0.676782921760156,,,0.6256297764575885,,,,,,synthetic_sharp_front,,,,,,0.6060827147684072,top_residual_gradient,0.25,,,,0.00022216598154045641,2,384,residual_sampler_ablation,,0.90625,
,,,0.7337693751530214,,,0.6330910718657754,,,,,,synthetic_two_hotspots,,,,,,0.4586393576963008,rdt_default,1.0,,,,0.007536624994827434,2,384,residual_sampler_ablation,,0.69375,
,,,0.742944359328497,,,0.6351981695099914,,,,,,synthetic_two_hotspots,,,,,,0.46334729149877374,rdt_no_gradient,1.0,,,,0.007882584002800286,2,384,residual_sampler_ablation,,0.7125,
,,,0.5518736268266404,,,0.4107103623618298,,,,,,synthetic_two_hotspots,,,,,,0.5592330070460788,rdt_no_coverage,0.15625,,,,0.005625208024866879,2,384,residual_sampler_ablation,,0.8375,
,,,0.725492511643324,,,0.7942643189809253,,,,,,synthetic_two_hotspots,,,,,,0.3523819807269552,rdt_high_coverage,1.0,,,,0.007958375004818663,2,384,residual_sampler_ablation,,0.55,
,,,0.7759669917007139,,,0.6612449762877544,,,,,,synthetic_two_hotspots,,,,,,0.4821678061892618,rdt_tuned,1.0,,,,0.08795174999977462,2,384,residual_sampler_ablation,,0.765625,
,,,0.6380687663207585,,,0.45698218948788155,,,,,,synthetic_two_hotspots,,,,,,0.5996163672404078,top_residual,0.140625,,,,0.0002480830007698387,2,384,residual_sampler_ablation,,1.0,
,,,0.6376397357129194,,,0.4557563877511985,,,,,,synthetic_two_hotspots,,,,,,0.5991395160029744,top_residual_gradient,0.140625,,,,0.0002617080172058195,2,384,residual_sampler_ablation,,1.0,
,,,0.560957967694361,,,0.6335406219838884,,,,,,synthetic_oscillatory,,,,,,0.6536433468119074,rdt_default,1.0,,,,0.0077650419843848795,2,384,residual_sampler_ablation,,0.309375,
,,,0.5603222079263409,,,0.6357420226466883,,,,,,synthetic_oscillatory,,,,,,0.6545163175738282,rdt_no_gradient,1.0,,,,0.0077947499812580645,2,384,residual_sampler_ablation,,0.30625,
,,,0.32406112682664034,,,0.41071036236182973,,,,,,synthetic_oscillatory,,,,,,0.7005416583947692,rdt_no_coverage,0.15625,,,,0.00563058300758712,2,384,residual_sampler_ablation,,0.33125,
,,,0.6104657560989843,,,0.7950807317113839,,,,,,synthetic_oscillatory,,,,,,0.6052124132123208,rdt_high_coverage,1.0,,,,0.007888249994721264,2,384,residual_sampler_ablation,,0.29375,
,,,0.6269256161401601,,,0.7675553318290288,,,,,,synthetic_oscillatory,,,,,,0.6508119324648639,rdt_tuned,0.96875,,,,0.08720604199334048,2,384,residual_sampler_ablation,,0.365625,
,,,0.8895878315442729,,,0.8452509472693509,,,,,,synthetic_oscillatory,,,,,,0.820343478636266,top_residual,0.71875,,,,0.00036633299896493554,2,384,residual_sampler_ablation,,1.0,
,,,0.6204186576079853,,,0.8458390217371007,,,,,,synthetic_oscillatory,,,,,,0.7695326155234584,top_residual_gradient,0.75,,,,0.0002929579932242632,2,384,residual_sampler_ablation,,0.3875,
,,,0.2826129596100027,,,0.4785619444006722,,,,,,real_california_housing_residual,,,,,,0.17007327975733838,rdt_default,0.375,,,,0.01760145797743462,2,512,residual_sampler_ablation,,0.08914728682170543,
,,,0.26960848455203895,,,0.45261892596263625,,,,,,real_california_housing_residual,,,,,,0.15138877561511335,rdt_no_gradient,0.375,,,,0.017546750023029745,2,512,residual_sampler_ablation,,0.08042635658914729,
,,,0.24119459356152703,,,0.4434878752920706,,,,,,real_california_housing_residual,,,,,,0.18412066378636355,rdt_no_coverage,0.203125,,,,0.012448333000065759,2,512,residual_sampler_ablation,,0.10077519379844961,
,,,0.2920297145961126,,,0.5067128058227802,,,,,,real_california_housing_residual,,,,,,0.1561430903569704,rdt_high_coverage,0.375,,,,0.017862916021840647,2,512,residual_sampler_ablation,,0.08817829457364341,
,,,0.2870275452295899,,,0.42036939833038967,,,,,,real_california_housing_residual,,,,,,0.21135025791283585,rdt_tuned,0.359375,,,,0.1983879170147702,2,512,residual_sampler_ablation,,0.1511627906976744,
,,,0.4595528254681441,,,0.487634318613302,,,,,,real_california_housing_residual,,,,,,0.48405373229624393,top_residual,0.328125,,,,0.0011393330059945583,2,512,residual_sampler_ablation,,0.49612403100775193,
,,,0.43589812238852765,,,0.45431025001373343,,,,,,real_california_housing_residual,,,,,,0.4713410069785329,top_residual_gradient,0.28125,,,,0.0011804999958258122,2,512,residual_sampler_ablation,,0.4903100775193798,
768,0.11749014387764235,,,,,,,,,5,,,,,,,,,rdt_full,,,,,0.006719833007082343,2,,coverage_ablation,,,72
768,0.028952515487047324,,,,,,,,,5,,,,,,,,,rdt_hybrid_sobol,,,,,0.0038893750170245767,2,,coverage_ablation,,,64
768,0.0003328346145467163,,,,,,,,,3,,,,,,,,,rdt_boundaries_only,,,,,0.0001659159897826612,2,,coverage_ablation,,,40
768,0.0008352319473171585,,,,,,,,,4,,,,,,,,,rdt_powers_only,,,,,0.00012912499369122088,2,,coverage_ablation,,,91
768,0.00047052525080105545,,,,,,,,,3,,,,,,,,,rdt_midpoints_only,,,,,0.00012779198004864156,2,,coverage_ablation,,,65
768,1.908788902379305e-06,,,,,,,,,2,,,,,,,,,sobol,,,,,0.00019070800044573843,2,,coverage_ablation,,,35
768,0.00034221999666002393,,,,,,,,,2,,,,,,,,,random_uniform,,,,,3.125000512227416e-05,2,,coverage_ablation,,,35
,,,,,,,real_nab_ambient,,False,,0,,,,,,,,rdt_raw_abs_shell,,,,,,2,,drift_ablation,0.015563027213417294,,
,,,,,,,real_nab_ambient,9300.0,True,,2,,,,,,,,rdt_standard_abs_shell,,,,,,2,,drift_ablation,0.15762867541569608,,
,,,,,,,real_nab_ambient,9300.0,True,,2,,,,,,,,rdt_standard_signed_shell,,,,,,2,,drift_ablation,0.29881317655261436,,
,,,,,,,real_nab_ambient,,False,,2,,,,,,,,histogram_js,,,,,,2,,drift_ablation,0.34672217455392657,,
,,,,,,,real_nab_ambient,13140.0,True,,2,,,,,,,,mean_std,,,,,,2,,drift_ablation,2.6161173861725726,,
,,,,,,,real_nab_ambient,,False,,2,,,,,,,,entropy_delta,,,,,,2,,drift_ablation,0.6151432370680079,,
,,,,,,,synthetic_variance_shift,8580.0,True,,1,,,,,,,,rdt_raw_abs_shell,,,,,,2,,drift_ablation,0.012230242654370102,,
,,,,,,,synthetic_variance_shift,6660.0,True,,1,,,,,,,,rdt_standard_abs_shell,,,,,,2,,drift_ablation,0.010971286019672595,,
,,,,,,,synthetic_variance_shift,8580.0,True,,1,,,,,,,,rdt_standard_signed_shell,,,,,,2,,drift_ablation,0.01918089523123575,,
,,,,,,,synthetic_variance_shift,6660.0,True,,1,,,,,,,,histogram_js,,,,,,2,,drift_ablation,0.024812006373699277,,
,,,,,,,synthetic_variance_shift,2820.0,True,,1,,,,,,,,mean_std,,,,,,2,,drift_ablation,0.1645776372311863,,
,,,,,,,synthetic_variance_shift,3780.0,True,,1,,,,,,,,entropy_delta,,,,,,2,,drift_ablation,0.07777167452146384,,
,,,,408,synthetic_ramp,,,,,,,,,16384,,,,,zlib,,,40.15686274509804,True,7.333399844355881e-05,2,,codec_ablation,,,
,,,,723,synthetic_ramp,,,,,,,,,16384,,,,,bz2,,,22.661134163208853,True,0.001862292003352195,2,,codec_ablation,,,
,,,,352,synthetic_ramp,,,,,,,,,16384,,,,,lzma,,,46.54545454545455,True,0.0005917499947827309,2,,codec_ablation,,,
,,,,51,synthetic_ramp,,,,,,,,,16384,,,,,rdt_delta_zlib,,,321.2549019607843,True,0.0013616670039482415,2,,codec_ablation,,,
,,,,57,synthetic_ramp,,,,,,,,,16384,,,,,adaptive_rdt_zlib,,,287.43859649122805,True,0.0013738340057898313,2,,codec_ablation,,,
,,,,16395,synthetic_random,,,,,,,,,16384,,,,,zlib,,,0.9993290637389448,True,0.0001521660014986992,2,,codec_ablation,,,
,,,,16842,synthetic_random,,,,,,,,,16384,,,,,bz2,,,0.9728060800380003,True,0.002681874990230426,2,,codec_ablation,,,
,,,,16444,synthetic_random,,,,,,,,,16384,,,,,lzma,,,0.9963512527365604,True,0.0023507089936174452,2,,codec_ablation,,,
,,,,16406,synthetic_random,,,,,,,,,16384,,,,,rdt_delta_zlib,,,0.9986590271851762,True,0.0016790419758763164,2,,codec_ablation,,,
,,,,16401,synthetic_random,,,,,,,,,16384,,,,,adaptive_rdt_zlib,,,0.9989634778367172,True,0.0009947500075213611,2,,codec_ablation,,,
,,,,53577,real_gutenberg_alice,,,,,,,,,151191,,,,,zlib,,,2.821938518394087,True,0.005847083986736834,2,,codec_ablation,,,
,,,,42743,real_gutenberg_alice,,,,,,,,,151191,,,,,bz2,,,3.5372107713543737,True,0.010759791999589652,2,,codec_ablation,,,
,,,,47636,real_gutenberg_alice,,,,,,,,,151191,,,,,lzma,,,3.173881098328995,True,0.030084333004197106,2,,codec_ablation,,,
,,,,65492,real_gutenberg_alice,,,,,,,,,151191,,,,,rdt_delta_zlib,,,2.308541501252061,True,0.018360874993959442,2,,codec_ablation,,,
,,,,53583,real_gutenberg_alice,,,,,,,,,151191,,,,,adaptive_rdt_zlib,,,2.8216225295336206,True,0.016592958010733128,2,,codec_ablation,,,
,,0.2003738784948746,,,,,synthetic_uniform,,,,,,1.25,,16,20,0.05594195221083245,,rdt_stable_labels,,0.1252,,,,3,,stable_partition_ablation,,,
,,0.7314738784948747,,,,,synthetic_uniform,,,,,,1.25,,16,20,0.05594195221083245,,rdt_remap_centroid_labels,,0.6563,,,,3,,stable_partition_ablation,,,
,,0.660074716702864,,,,,synthetic_uniform,,,,,,1.072,,16,20,0.9983882593396979,,jump_hash,,0.1964,,,,3,,stable_partition_ablation,,,
,,0.9201386536593793,,,,,synthetic_uniform,,,,,,1.0,,16,20,0.10030811924306521,,morton_equal_chunks,,0.875,,,,3,,stable_partition_ablation,,,
,,0.1826661182429442,,,,,synthetic_uniform,,,,,,1.256,,64,80,0.013924707206542705,,rdt_stable_labels,,0.1252,,,,3,,stable_partition_ablation,,,
,,1.049666118242944,,,,,synthetic_uniform,,,,,,1.256,,64,80,0.013924707206542705,,rdt_remap_centroid_labels,,0.9922,,,,3,,stable_partition_ablation,,,
,,0.6934350020039627,,,,,synthetic_uniform,,,,,,1.208,,64,80,0.9923000044532505,,jump_hash,,0.2053,,,,3,,stable_partition_ablation,,,
,,0.9886435641792863,,,,,synthetic_uniform,,,,,,1.0,,64,80,0.04387458706508082,,morton_equal_chunks,,0.9689,,,,3,,stable_partition_ablation,,,
,,0.2498310197254694,,,,,synthetic_clustered,,,,,,1.25,,16,20,0.027180043834376454,,rdt_stable_labels,,0.1876,,,,3,,stable_partition_ablation,,,
,,0.9684310197254694,,,,,synthetic_clustered,,,,,,1.25,,16,20,0.027180043834376454,,rdt_remap_centroid_labels,,0.9062,,,,3,,stable_partition_ablation,,,
,,0.6599995413763421,,,,,synthetic_clustered,,,,,,1.072,,16,20,0.9982212030585381,,jump_hash,,0.1964,,,,3,,stable_partition_ablation,,,
,,0.900010899203445,,,,,synthetic_clustered,,,,,,1.0,,16,20,0.05557977600765569,,morton_equal_chunks,,0.875,,,,3,,stable_partition_ablation,,,
,,0.42444760343412735,,,,,synthetic_clustered,,,,,,2.504,,64,80,0.005216896520282991,,rdt_stable_labels,,0.1213,,,,3,,stable_partition_ablation,,,
,,1.2797476034341273,,,,,synthetic_clustered,,,,,,2.504,,64,80,0.00521689652028299,,rdt_remap_centroid_labels,,0.9766,,,,3,,stable_partition_ablation,,,
,,0.6930394998520485,,,,,synthetic_clustered,,,,,,1.208,,64,80,0.9914211107823301,,jump_hash,,0.2053,,,,3,,stable_partition_ablation,,,
,,0.9761158050380698,,,,,synthetic_clustered,,,,,,1.0,,64,80,0.01603512230682187,,morton_equal_chunks,,0.9689,,,,3,,stable_partition_ablation,,,
,,0.43859387206061873,,,,,real_california_housing,,,,,,2.5,,16,20,0.030208604579152573,,rdt_stable_labels,,0.125,,,,3,,stable_partition_ablation,,,
,,1.2198438720606188,,,,,real_california_housing,,,,,,2.5,,16,20,0.030208604579152573,,rdt_remap_centroid_labels,,0.90625,,,,3,,stable_partition_ablation,,,
,,0.6583127499617462,,,,,real_california_housing,,,,,,1.0397286821705427,,16,20,0.9992005985368692,,jump_hash,,0.20072674418604652,,,,3,,stable_partition_ablation,,,
,,0.9195467373002034,,,,,real_california_housing,,,,,,1.0,,16,20,0.0989927495560075,,morton_equal_chunks,,0.875,,,,3,,stable_partition_ablation,,,
,,0.46405880409266576,,,,,real_california_housing,,,,,,2.5,,64,80,0.007878307113761902,,rdt_stable_labels,,0.16051356589147286,,,,3,,stable_partition_ablation,,,
,,1.2762196568058441,,,,,real_california_housing,,,,,,2.5,,64,80,0.007878307113761902,,rdt_remap_centroid_labels,,0.9726744186046512,,,,3,,stable_partition_ablation,,,
,,0.6789866299461108,,,,,real_california_housing,,,,,,1.1356589147286822,,64,80,0.9964776100438981,,jump_hash,,0.20343992248062015,,,,3,,stable_partition_ablation,,,
,,0.9830178605281161,,,,,real_california_housing,,,,,,1.0,,64,80,0.03159869092380672,,morton_equal_chunks,,0.9687984496124031,,,,3,,stable_partition_ablation,,,
,,,0.6671489616282058,,,0.6315863189377307,,,,,,synthetic_sharp_front,,,,,,0.3863274732610667,rdt_default,1.0,,,,0.008353125012945384,3,384,residual_sampler_ablation,,0.546875,
,,,0.6691138369634368,,,0.6331823913241054,,,,,,synthetic_sharp_front,,,,,,0.3902928780837924,rdt_no_gradient,1.0,,,,0.007776500016916543,3,384,residual_sampler_ablation,,0.55,
,,,0.47312362682664033,,,0.41071036236182973,,,,,,synthetic_sharp_front,,,,,,0.444944530776592,rdt_no_coverage,0.15625,,,,0.00617191701894626,3,384,residual_sampler_ablation,,0.6625,
,,,0.6712750224484438,,,0.7920357784241254,,,,,,synthetic_sharp_front,,,,,,0.31479247641277897,rdt_high_coverage,1.0,,,,0.007643916003871709,3,384,residual_sampler_ablation,,0.43125,
,,,0.7235242331510574,,,0.7560513804315924,,,,,,synthetic_sharp_front,,,,,,0.40286211451260273,rdt_tuned,0.9375,,,,0.08855079198838212,3,384,residual_sampler_ablation,,0.603125,
,,,0.6992935155559701,,,0.5872671873027717,,,,,,synthetic_sharp_front,,,,,,0.6267059282932556,top_residual,0.21875,,,,0.00021425000159069896,3,384,residual_sampler_ablation,,1.0,
,,,0.676782921760156,,,0.6256297764575885,,,,,,synthetic_sharp_front,,,,,,0.6060827147684072,top_residual_gradient,0.25,,,,0.00022187500144355,3,384,residual_sampler_ablation,,0.90625,
,,,0.7364590163663449,,,0.6367579039038426,,,,,,synthetic_two_hotspots,,,,,,0.45748911866824393,rdt_default,1.0,,,,0.007584791019326076,3,384,residual_sampler_ablation,,0.696875,
,,,0.741712997366873,,,0.6356978496196373,,,,,,synthetic_two_hotspots,,,,,,0.46203430233549875,rdt_no_gradient,1.0,,,,0.008089125010883436,3,384,residual_sampler_ablation,,0.709375,
,,,0.5518736268266404,,,0.4107103623618298,,,,,,synthetic_two_hotspots,,,,,,0.5592330070460788,rdt_no_coverage,0.15625,,,,0.005783083994174376,3,384,residual_sampler_ablation,,0.8375,
,,,0.7220524663268584,,,0.79648918950531,,,,,,synthetic_two_hotspots,,,,,,0.3468180045604104,rdt_high_coverage,1.0,,,,0.007960916991578415,3,384,residual_sampler_ablation,,0.540625,
,,,0.7760816664514767,,,0.6615726184327907,,,,,,synthetic_two_hotspots,,,,,,0.4822043424142561,rdt_tuned,1.0,,,,0.08886150000034831,3,384,residual_sampler_ablation,,0.765625,
,,,0.6380687663207585,,,0.45698218948788155,,,,,,synthetic_two_hotspots,,,,,,0.5996163672404078,top_residual,0.140625,,,,0.00025420798920094967,3,384,residual_sampler_ablation,,1.0,
,,,0.6376397357129194,,,0.4557563877511985,,,,,,synthetic_two_hotspots,,,,,,0.5991395160029744,top_residual_gradient,0.140625,,,,0.00026212501688860357,3,384,residual_sampler_ablation,,1.0,
,,,0.5585416431681836,,,0.638690409051953,,,,,,synthetic_oscillatory,,,,,,0.6601269557672954,rdt_default,1.0,,,,0.007707749988185242,3,384,residual_sampler_ablation,,0.3,
,,,0.5599478931681836,,,0.638690409051953,,,,,,synthetic_oscillatory,,,,,,0.6617462360728616,rdt_no_gradient,1.0,,,,0.008077957987552509,3,384,residual_sampler_ablation,,0.303125,
,,,0.32406112682664034,,,0.41071036236182973,,,,,,synthetic_oscillatory,,,,,,0.7005416583947692,rdt_no_coverage,0.15625,,,,0.005631040985463187,3,384,residual_sampler_ablation,,0.33125,
,,,0.6058038266169159,,,0.7978323617626167,,,,,,synthetic_oscillatory,,,,,,0.5981713398505656,rdt_high_coverage,1.0,,,,0.008103333006147295,3,384,residual_sampler_ablation,,0.28125,
,,,0.6198922588771607,,,0.7612993110776022,,,,,,synthetic_oscillatory,,,,,,0.6605184681494655,rdt_tuned,0.9375,,,,0.0882783749839291,3,384,residual_sampler_ablation,,0.36875,
,,,0.8895878315442729,,,0.8452509472693509,,,,,,synthetic_oscillatory,,,,,,0.820343478636266,top_residual,0.71875,,,,0.00029112500487826765,3,384,residual_sampler_ablation,,1.0,
,,,0.6204186576079853,,,0.8458390217371007,,,,,,synthetic_oscillatory,,,,,,0.7695326155234584,top_residual_gradient,0.75,,,,0.00029695898410864174,3,384,residual_sampler_ablation,,0.3875,
,,,0.28203097345785016,,,0.4768991268230935,,,,,,real_california_housing_residual,,,,,,0.16808578167613528,rdt_default,0.375,,,,0.01762787500047125,3,512,residual_sampler_ablation,,0.08914728682170543,
,,,0.27634609724492737,,,0.45401210508517453,,,,,,real_california_housing_residual,,,,,,0.15039948549180976,rdt_no_gradient,0.40625,,,,0.017597416997887194,3,512,residual_sampler_ablation,,0.08042635658914729,
,,,0.24119459356152703,,,0.4434878752920706,,,,,,real_california_housing_residual,,,,,,0.18412066378636355,rdt_no_coverage,0.203125,,,,0.012532166991150007,3,512,residual_sampler_ablation,,0.10077519379844961,
,,,0.2890529482959416,,,0.5044369951312616,,,,,,real_california_housing_residual,,,,,,0.1523264861085178,rdt_high_coverage,0.375,,,,0.02017416598391719,3,512,residual_sampler_ablation,,0.08333333333333333,
,,,0.2769173193841027,,,0.4029033045525857,,,,,,real_california_housing_residual,,,,,,0.21119336062416516,rdt_tuned,0.34375,,,,0.20439612501650117,3,512,residual_sampler_ablation,,0.14922480620155038,
,,,0.4595528254681441,,,0.487634318613302,,,,,,real_california_housing_residual,,,,,,0.48405373229624393,top_residual,0.328125,,,,0.0011389169958420098,3,512,residual_sampler_ablation,,0.49612403100775193,
,,,0.43589812238852765,,,0.45431025001373343,,,,,,real_california_housing_residual,,,,,,0.4713410069785329,top_residual_gradient,0.28125,,,,0.0011640839802566916,3,512,residual_sampler_ablation,,0.4903100775193798,
768,0.10889518651850982,,,,,,,,,5,,,,,,,,,rdt_full,,,,,0.007081666000885889,3,,coverage_ablation,,,72
768,0.028392695609823014,,,,,,,,,5,,,,,,,,,rdt_hybrid_sobol,,,,,0.0035004999954253435,3,,coverage_ablation,,,69
768,0.00016523269917593253,,,,,,,,,3,,,,,,,,,rdt_boundaries_only,,,,,7.554198964498937e-05,3,,coverage_ablation,,,35
768,0.0008884235579978456,,,,,,,,,4,,,,,,,,,rdt_powers_only,,,,,0.00010837501031346619,3,,coverage_ablation,,,85
768,0.00045954220872199174,,,,,,,,,3,,,,,,,,,rdt_midpoints_only,,,,,0.00019200000679120421,3,,coverage_ablation,,,58
768,1.911585998020829e-06,,,,,,,,,2,,,,,,,,,sobol,,,,,0.00018500001169741154,3,,coverage_ablation,,,37
768,0.00018135512152391117,,,,,,,,,2,,,,,,,,,random_uniform,,,,,3.445800393819809e-05,3,,coverage_ablation,,,30
,,,,,,,real_nab_ambient,,False,,0,,,,,,,,rdt_raw_abs_shell,,,,,,3,,drift_ablation,0.015563027213417294,,
,,,,,,,real_nab_ambient,9300.0,True,,2,,,,,,,,rdt_standard_abs_shell,,,,,,3,,drift_ablation,0.15762867541569608,,
,,,,,,,real_nab_ambient,9300.0,True,,2,,,,,,,,rdt_standard_signed_shell,,,,,,3,,drift_ablation,0.29881317655261436,,
,,,,,,,real_nab_ambient,,False,,2,,,,,,,,histogram_js,,,,,,3,,drift_ablation,0.34672217455392657,,
,,,,,,,real_nab_ambient,13140.0,True,,2,,,,,,,,mean_std,,,,,,3,,drift_ablation,2.6161173861725726,,
,,,,,,,real_nab_ambient,,False,,2,,,,,,,,entropy_delta,,,,,,3,,drift_ablation,0.6151432370680079,,
,,,,,,,synthetic_variance_shift,6660.0,True,,1,,,,,,,,rdt_raw_abs_shell,,,,,,3,,drift_ablation,0.014590461962327859,,
,,,,,,,synthetic_variance_shift,7620.0,True,,1,,,,,,,,rdt_standard_abs_shell,,,,,,3,,drift_ablation,0.0184708871505451,,
,,,,,,,synthetic_variance_shift,7620.0,True,,1,,,,,,,,rdt_standard_signed_shell,,,,,,3,,drift_ablation,0.02422343562000851,,
,,,,,,,synthetic_variance_shift,3780.0,True,,1,,,,,,,,histogram_js,,,,,,3,,drift_ablation,0.026846235119513843,,
,,,,,,,synthetic_variance_shift,1860.0,True,,1,,,,,,,,mean_std,,,,,,3,,drift_ablation,0.144125774550512,,
,,,,,,,synthetic_variance_shift,1860.0,True,,1,,,,,,,,entropy_delta,,,,,,3,,drift_ablation,0.0909717862740853,,
,,,,408,synthetic_ramp,,,,,,,,,16384,,,,,zlib,,,40.15686274509804,True,7.387500954791903e-05,3,,codec_ablation,,,
,,,,723,synthetic_ramp,,,,,,,,,16384,,,,,bz2,,,22.661134163208853,True,0.0017873340111691505,3,,codec_ablation,,,
,,,,352,synthetic_ramp,,,,,,,,,16384,,,,,lzma,,,46.54545454545455,True,0.0004555830091703683,3,,codec_ablation,,,
,,,,51,synthetic_ramp,,,,,,,,,16384,,,,,rdt_delta_zlib,,,321.2549019607843,True,0.0013336669944692403,3,,codec_ablation,,,
,,,,57,synthetic_ramp,,,,,,,,,16384,,,,,adaptive_rdt_zlib,,,287.43859649122805,True,0.0013719999988097697,3,,codec_ablation,,,
,,,,16395,synthetic_random,,,,,,,,,16384,,,,,zlib,,,0.9993290637389448,True,0.00014724998618476093,3,,codec_ablation,,,
,,,,16857,synthetic_random,,,,,,,,,16384,,,,,bz2,,,0.9719404401732218,True,0.0024697500048205256,3,,codec_ablation,,,
,,,,16444,synthetic_random,,,,,,,,,16384,,,,,lzma,,,0.9963512527365604,True,0.002174624998588115,3,,codec_ablation,,,
,,,,16404,synthetic_random,,,,,,,,,16384,,,,,rdt_delta_zlib,,,0.9987807851743478,True,0.0017506660078652203,3,,codec_ablation,,,
,,,,16401,synthetic_random,,,,,,,,,16384,,,,,adaptive_rdt_zlib,,,0.9989634778367172,True,0.0009915410191752017,3,,codec_ablation,,,
,,,,53577,real_gutenberg_alice,,,,,,,,,151191,,,,,zlib,,,2.821938518394087,True,0.005904083984205499,3,,codec_ablation,,,
,,,,42743,real_gutenberg_alice,,,,,,,,,151191,,,,,bz2,,,3.5372107713543737,True,0.010746917017968372,3,,codec_ablation,,,
,,,,47636,real_gutenberg_alice,,,,,,,,,151191,,,,,lzma,,,3.173881098328995,True,0.02979949998552911,3,,codec_ablation,,,
,,,,65492,real_gutenberg_alice,,,,,,,,,151191,,,,,rdt_delta_zlib,,,2.308541501252061,True,0.01842037498136051,3,,codec_ablation,,,
,,,,53583,real_gutenberg_alice,,,,,,,,,151191,,,,,adaptive_rdt_zlib,,,2.8216225295336206,True,0.016635417006909847,3,,codec_ablation,,,
,,0.2001654332152062,,,,,synthetic_uniform,,,,,,1.25,,16,20,0.055478740478236,,rdt_stable_labels,,0.1252,,,,4,,stable_partition_ablation,,,
,,0.7312654332152062,,,,,synthetic_uniform,,,,,,1.25,,16,20,0.055478740478236,,rdt_remap_centroid_labels,,0.6563,,,,4,,stable_partition_ablation,,,
,,0.6599462386134796,,,,,synthetic_uniform,,,,,,1.072,,16,20,0.9981027524743992,,jump_hash,,0.1964,,,,4,,stable_partition_ablation,,,
,,0.9173169336093664,,,,,synthetic_uniform,,,,,,1.0,,16,20,0.09403763024303635,,morton_equal_chunks,,0.875,,,,4,,stable_partition_ablation,,,
,,0.18279842243848224,,,,,synthetic_uniform,,,,,,1.256,,64,80,0.01377427208551606,,rdt_stable_labels,,0.1254,,,,4,,stable_partition_ablation,,,
,,0.9714984224384823,,,,,synthetic_uniform,,,,,,1.256,,64,80,0.01377427208551606,,rdt_remap_centroid_labels,,0.9141,,,,4,,stable_partition_ablation,,,
,,0.6927318996699764,,,,,synthetic_uniform,,,,,,1.208,,64,80,0.9907375548221697,,jump_hash,,0.2053,,,,4,,stable_partition_ablation,,,
,,0.9836109668272606,,,,,synthetic_uniform,,,,,,1.0,,64,80,0.03269103739391253,,morton_equal_chunks,,0.9689,,,,4,,stable_partition_ablation,,,
,,0.28457528877440086,,,,,synthetic_clustered,,,,,,1.25,,16,20,0.03505619727644642,,rdt_stable_labels,,0.2188,,,,4,,stable_partition_ablation,,,
,,1.003275288774401,,,,,synthetic_clustered,,,,,,1.25,,16,20,0.03505619727644642,,rdt_remap_centroid_labels,,0.9375,,,,4,,stable_partition_ablation,,,
,,0.6603836928971517,,,,,synthetic_clustered,,,,,,1.072,,16,20,0.9990748731047816,,jump_hash,,0.1964,,,,4,,stable_partition_ablation,,,
,,0.9007949957968612,,,,,synthetic_clustered,,,,,,1.0,,16,20,0.057322212881913824,,morton_equal_chunks,,0.875,,,,4,,stable_partition_ablation,,,
,,0.4481719221527153,,,,,synthetic_clustered,,,,,,2.504,,64,80,0.006159827006034007,,rdt_stable_labels,,0.1446,,,,4,,stable_partition_ablation,,,
,,1.2957719221527153,,,,,synthetic_clustered,,,,,,2.504,,64,80,0.006159827006034007,,rdt_remap_centroid_labels,,0.9922,,,,4,,stable_partition_ablation,,,
,,0.6934595089277075,,,,,synthetic_clustered,,,,,,1.208,,64,80,0.9923544642837945,,jump_hash,,0.2053,,,,4,,stable_partition_ablation,,,
,,0.9745491283528391,,,,,synthetic_clustered,,,,,,1.0,,64,80,0.01255361856186469,,morton_equal_chunks,,0.9689,,,,4,,stable_partition_ablation,,,
,,0.43859387206061873,,,,,real_california_housing,,,,,,2.5,,16,20,0.030208604579152573,,rdt_stable_labels,,0.125,,,,4,,stable_partition_ablation,,,
,,1.2198438720606188,,,,,real_california_housing,,,,,,2.5,,16,20,0.030208604579152573,,rdt_remap_centroid_labels,,0.90625,,,,4,,stable_partition_ablation,,,
,,0.6583127499617462,,,,,real_california_housing,,,,,,1.0397286821705427,,16,20,0.9992005985368692,,jump_hash,,0.20072674418604652,,,,4,,stable_partition_ablation,,,
,,0.9195467373002034,,,,,real_california_housing,,,,,,1.0,,16,20,0.0989927495560075,,morton_equal_chunks,,0.875,,,,4,,stable_partition_ablation,,,
,,0.46405880409266576,,,,,real_california_housing,,,,,,2.5,,64,80,0.007878307113761902,,rdt_stable_labels,,0.16051356589147286,,,,4,,stable_partition_ablation,,,
,,1.2762196568058441,,,,,real_california_housing,,,,,,2.5,,64,80,0.007878307113761902,,rdt_remap_centroid_labels,,0.9726744186046512,,,,4,,stable_partition_ablation,,,
,,0.6789866299461108,,,,,real_california_housing,,,,,,1.1356589147286822,,64,80,0.9964776100438981,,jump_hash,,0.20343992248062015,,,,4,,stable_partition_ablation,,,
,,0.9830178605281161,,,,,real_california_housing,,,,,,1.0,,64,80,0.03159869092380672,,morton_equal_chunks,,0.9687984496124031,,,,4,,stable_partition_ablation,,,
,,,0.6698245378618654,,,0.6392308224624724,,,,,,synthetic_sharp_front,,,,,,0.3907413611796007,rdt_default,1.0,,,,0.00791737501276657,4,384,residual_sampler_ablation,,0.546875,
,,,0.6726370378618654,,,0.6392308224624723,,,,,,synthetic_sharp_front,,,,,,0.39028114871811087,rdt_no_gradient,1.0,,,,0.007631624990608543,4,384,residual_sampler_ablation,,0.553125,
,,,0.47312362682664033,,,0.41071036236182973,,,,,,synthetic_sharp_front,,,,,,0.444944530776592,rdt_no_coverage,0.15625,,,,0.005947249999735504,4,384,residual_sampler_ablation,,0.6625,
,,,0.6684981982774545,,,0.7881198522212988,,,,,,synthetic_sharp_front,,,,,,0.3164280666253317,rdt_high_coverage,1.0,,,,0.0076402499980758876,4,384,residual_sampler_ablation,,0.428125,
,,,0.7237415553066908,,,0.7526544437334023,,,,,,synthetic_sharp_front,,,,,,0.40960647850055887,rdt_tuned,0.9375,,,,0.08767345899832435,4,384,residual_sampler_ablation,,0.60625,
,,,0.6992935155559701,,,0.5872671873027717,,,,,,synthetic_sharp_front,,,,,,0.6267059282932556,top_residual,0.21875,,,,0.00020962499547749758,4,384,residual_sampler_ablation,,1.0,
,,,0.676782921760156,,,0.6256297764575885,,,,,,synthetic_sharp_front,,,,,,0.6060827147684072,top_residual_gradient,0.25,,,,0.00023391700233332813,4,384,residual_sampler_ablation,,0.90625,
,,,0.735158201858316,,,0.6370591481666171,,,,,,synthetic_two_hotspots,,,,,,0.45710898710189224,rdt_default,1.0,,,,0.007676208013435826,4,384,residual_sampler_ablation,,0.69375,
,,,0.741564339108943,,,0.6352731117398375,,,,,,synthetic_two_hotspots,,,,,,0.4629269005176803,rdt_no_gradient,1.0,,,,0.007729000004474074,4,384,residual_sampler_ablation,,0.709375,
,,,0.5518736268266404,,,0.4107103623618298,,,,,,synthetic_two_hotspots,,,,,,0.5592330070460788,rdt_no_coverage,0.15625,,,,0.005706166004529223,4,384,residual_sampler_ablation,,0.8375,
,,,0.7284081996183858,,,0.7905412846239597,,,,,,synthetic_two_hotspots,,,,,,0.3562253186248636,rdt_high_coverage,1.0,,,,0.007584499981021509,4,384,residual_sampler_ablation,,0.559375,
,,,0.7768628037021039,,,0.659786582006011,,,,,,synthetic_two_hotspots,,,,,,0.48341258439493373,rdt_tuned,1.0,,,,0.08779804199002683,4,384,residual_sampler_ablation,,0.76875,
,,,0.6380687663207585,,,0.45698218948788155,,,,,,synthetic_two_hotspots,,,,,,0.5996163672404078,top_residual,0.140625,,,,0.00025116701726801693,4,384,residual_sampler_ablation,,1.0,
,,,0.6376397357129194,,,0.4557563877511985,,,,,,synthetic_two_hotspots,,,,,,0.5991395160029744,top_residual_gradient,0.140625,,,,0.0002722910139709711,4,384,residual_sampler_ablation,,1.0,
,,,0.5577425562609528,,,0.6364073036027226,,,,,,synthetic_oscillatory,,,,,,0.6534144973929888,rdt_default,1.0,,,,0.007592917012516409,4,384,residual_sampler_ablation,,0.3,
,,,0.557742556260953,,,0.6364073036027227,,,,,,synthetic_oscillatory,,,,,,0.6556328752483479,rdt_no_gradient,1.0,,,,0.008011334022739902,4,384,residual_sampler_ablation,,0.3,
,,,0.32406112682664034,,,0.41071036236182973,,,,,,synthetic_oscillatory,,,,,,0.7005416583947692,rdt_no_coverage,0.15625,,,,0.0056537500058766454,4,384,residual_sampler_ablation,,0.33125,
,,,0.6049509319681916,,,0.7913776627662618,,,,,,synthetic_oscillatory,,,,,,0.5985983431951817,rdt_high_coverage,1.0,,,,0.007992458005901426,4,384,residual_sampler_ablation,,0.284375,
,,,0.623598539017281,,,0.7589422543350887,,,,,,synthetic_oscillatory,,,,,,0.6497436826360745,rdt_tuned,0.953125,,,,0.08820212498540059,4,384,residual_sampler_ablation,,0.371875,
,,,0.8895878315442729,,,0.8452509472693509,,,,,,synthetic_oscillatory,,,,,,0.820343478636266,top_residual,0.71875,,,,0.000291375006781891,4,384,residual_sampler_ablation,,1.0,
,,,0.6204186576079853,,,0.8458390217371007,,,,,,synthetic_oscillatory,,,,,,0.7695326155234584,top_residual_gradient,0.75,,,,0.00028554099844768643,4,384,residual_sampler_ablation,,0.3875,
,,,0.2904992095382799,,,0.48718212692000246,,,,,,real_california_housing_residual,,,,,,0.17320478168672265,rdt_default,0.390625,,,,0.0175284169963561,4,512,residual_sampler_ablation,,0.09302325581395349,
,,,0.2747339023301216,,,0.45833440532858677,,,,,,real_california_housing_residual,,,,,,0.1522875990361897,rdt_no_gradient,0.390625,,,,0.01740983297349885,4,512,residual_sampler_ablation,,0.08042635658914729,
,,,0.24119459356152703,,,0.4434878752920706,,,,,,real_california_housing_residual,,,,,,0.18412066378636355,rdt_no_coverage,0.203125,,,,0.012454999989131466,4,512,residual_sampler_ablation,,0.10077519379844961,
,,,0.29532353330606476,,,0.5071951449940721,,,,,,real_california_housing_residual,,,,,,0.15744900671865375,rdt_high_coverage,0.390625,,,,0.01749050000216812,4,512,residual_sampler_ablation,,0.08817829457364341,
,,,0.2874646648640473,,,0.41642728167136434,,,,,,real_california_housing_residual,,,,,,0.2098756304109148,rdt_tuned,0.375,,,,0.19895799999358132,4,512,residual_sampler_ablation,,0.14825581395348839,
,,,0.4595528254681441,,,0.487634318613302,,,,,,real_california_housing_residual,,,,,,0.48405373229624393,top_residual,0.328125,,,,0.0011395409819670022,4,512,residual_sampler_ablation,,0.49612403100775193,
,,,0.43589812238852765,,,0.45431025001373343,,,,,,real_california_housing_residual,,,,,,0.4713410069785329,top_residual_gradient,0.28125,,,,0.0011946670128963888,4,512,residual_sampler_ablation,,0.4903100775193798,
768,0.11389991210877046,,,,,,,,,5,,,,,,,,,rdt_full,,,,,0.006659457983914763,4,,coverage_ablation,,,78
768,0.026572388053177944,,,,,,,,,5,,,,,,,,,rdt_hybrid_sobol,,,,,0.003478500002529472,4,,coverage_ablation,,,78
768,0.0007366469687614083,,,,,,,,,3,,,,,,,,,rdt_boundaries_only,,,,,7.574999472126365e-05,4,,coverage_ablation,,,44
768,0.0012010196224074943,,,,,,,,,4,,,,,,,,,rdt_powers_only,,,,,0.0001767499779816717,4,,coverage_ablation,,,95
768,0.0007959772402245815,,,,,,,,,3,,,,,,,,,rdt_midpoints_only,,,,,0.00015300000086426735,4,,coverage_ablation,,,70
768,1.9019380020384502e-06,,,,,,,,,2,,,,,,,,,sobol,,,,,0.00019687498570419848,4,,coverage_ablation,,,32
768,0.0006581202148659205,,,,,,,,,2,,,,,,,,,random_uniform,,,,,3.254201146773994e-05,4,,coverage_ablation,,,40
,,,,,,,real_nab_ambient,,False,,0,,,,,,,,rdt_raw_abs_shell,,,,,,4,,drift_ablation,0.015563027213417294,,
,,,,,,,real_nab_ambient,9300.0,True,,2,,,,,,,,rdt_standard_abs_shell,,,,,,4,,drift_ablation,0.15762867541569608,,
,,,,,,,real_nab_ambient,9300.0,True,,2,,,,,,,,rdt_standard_signed_shell,,,,,,4,,drift_ablation,0.29881317655261436,,
,,,,,,,real_nab_ambient,,False,,2,,,,,,,,histogram_js,,,,,,4,,drift_ablation,0.34672217455392657,,
,,,,,,,real_nab_ambient,13140.0,True,,2,,,,,,,,mean_std,,,,,,4,,drift_ablation,2.6161173861725726,,
,,,,,,,real_nab_ambient,,False,,2,,,,,,,,entropy_delta,,,,,,4,,drift_ablation,0.6151432370680079,,
,,,,,,,synthetic_variance_shift,4740.0,True,,1,,,,,,,,rdt_raw_abs_shell,,,,,,4,,drift_ablation,0.011429359852054344,,
,,,,,,,synthetic_variance_shift,4740.0,True,,1,,,,,,,,rdt_standard_abs_shell,,,,,,4,,drift_ablation,0.009778599302003897,,
,,,,,,,synthetic_variance_shift,2820.0,True,,1,,,,,,,,rdt_standard_signed_shell,,,,,,4,,drift_ablation,0.015859735594563797,,
,,,,,,,synthetic_variance_shift,6660.0,True,,1,,,,,,,,histogram_js,,,,,,4,,drift_ablation,0.022150641702069315,,
,,,,,,,synthetic_variance_shift,1860.0,True,,1,,,,,,,,mean_std,,,,,,4,,drift_ablation,0.20455570344505822,,
,,,,,,,synthetic_variance_shift,4740.0,True,,1,,,,,,,,entropy_delta,,,,,,4,,drift_ablation,0.09077139168018901,,
,,,,408,synthetic_ramp,,,,,,,,,16384,,,,,zlib,,,40.15686274509804,True,7.374997949227691e-05,4,,codec_ablation,,,
,,,,723,synthetic_ramp,,,,,,,,,16384,,,,,bz2,,,22.661134163208853,True,0.001778290985384956,4,,codec_ablation,,,
,,,,352,synthetic_ramp,,,,,,,,,16384,,,,,lzma,,,46.54545454545455,True,0.0004512919986154884,4,,codec_ablation,,,
,,,,51,synthetic_ramp,,,,,,,,,16384,,,,,rdt_delta_zlib,,,321.2549019607843,True,0.0013508749834727496,4,,codec_ablation,,,
,,,,57,synthetic_ramp,,,,,,,,,16384,,,,,adaptive_rdt_zlib,,,287.43859649122805,True,0.0014612080121878535,4,,codec_ablation,,,
,,,,16395,synthetic_random,,,,,,,,,16384,,,,,zlib,,,0.9993290637389448,True,0.00015637499745935202,4,,codec_ablation,,,
,,,,16847,synthetic_random,,,,,,,,,16384,,,,,bz2,,,0.9725173621416275,True,0.0024951660016085953,4,,codec_ablation,,,
,,,,16444,synthetic_random,,,,,,,,,16384,,,,,lzma,,,0.9963512527365604,True,0.0028752080106642097,4,,codec_ablation,,,
,,,,16406,synthetic_random,,,,,,,,,16384,,,,,rdt_delta_zlib,,,0.9986590271851762,True,0.0016961669898591936,4,,codec_ablation,,,
,,,,16401,synthetic_random,,,,,,,,,16384,,,,,adaptive_rdt_zlib,,,0.9989634778367172,True,0.0010347500210627913,4,,codec_ablation,,,
,,,,53577,real_gutenberg_alice,,,,,,,,,151191,,,,,zlib,,,2.821938518394087,True,0.005850874993484467,4,,codec_ablation,,,
,,,,42743,real_gutenberg_alice,,,,,,,,,151191,,,,,bz2,,,3.5372107713543737,True,0.010817374975886196,4,,codec_ablation,,,
,,,,47636,real_gutenberg_alice,,,,,,,,,151191,,,,,lzma,,,3.173881098328995,True,0.029768375010462478,4,,codec_ablation,,,
,,,,65492,real_gutenberg_alice,,,,,,,,,151191,,,,,rdt_delta_zlib,,,2.308541501252061,True,0.018396375002339482,4,,codec_ablation,,,
,,,,53583,real_gutenberg_alice,,,,,,,,,151191,,,,,adaptive_rdt_zlib,,,2.8216225295336206,True,0.016653541999403387,4,,codec_ablation,,,
